Order-ID;Auftragseingang (Datum);Geplantes Lieferdatum;Versendet (Datum)
2024101701;17/10/2024;18/10/2024;19/10/2024
2024101702;17/10/2024;18/10/2024;19/10/2024
2024101703;17/10/2024;18/10/2024;18/10/2024
2024101704;17/10/2024;18/10/2024;22/10/2024
2024101705;17/10/2024;18/10/2024;19/10/2024
2024101801;18/10/2024;19/10/2024;19/10/2024
2024101802;18/10/2024;19/10/2024;19/10/2024
2024101803;18/10/2024;19/10/2024;19/10/2024
2024101804;18/10/2024;19/10/2024;20/10/2024
2024102101;21/10/2024;22/10/2024;22/10/2024
2024102102;21/10/2024;22/10/2024;22/10/2024
2024102103;21/10/2024;22/10/2024;22/10/2024
2024102201;22/10/2024;23/10/2024;23/10/2024
2024102202;22/10/2024;23/10/2024;23/10/2024
2024102203;22/10/2024;23/10/2024;23/10/2024
2024102204;22/10/2024;23/10/2024;23/10/2024
2024102205;22/10/2024;23/10/2024;24/10/2024
2024102301;23/10/2024;24/10/2024;25/10/2024
2024102302;23/10/2024;24/10/2024;24/10/2024
2024102303;23/10/2024;24/10/2024;24/10/2024
2024102304;23/10/2024;24/10/2024;25/10/2024
2024102305;23/10/2024;24/10/2024;24/10/2024
2024102306;23/10/2024;24/10/2024;24/10/2024
2024102401;24/10/2024;25/10/2024;26/10/2024
2024102402;24/10/2024;25/10/2024;25/10/2024
2024102403;24/10/2024;25/10/2024;31/10/2024
2024102404;24/10/2024;25/10/2024;25/10/2024
2024102501;25/10/2024;26/10/2024;27/10/2024
2024102502;25/10/2024;26/10/2024;26/10/2024
2024102503;25/10/2024;26/10/2024;26/10/2024
2024102504;25/10/2024;26/10/2024;26/10/2024
2024102505;25/10/2024;26/10/2024;27/10/2024
2024102506;25/10/2024;26/10/2024;26/10/2024
2024102801;28/10/2024;29/10/2024;29/10/2024
2024102901;29/10/2024;30/10/2024;31/10/2024
2024102902;29/10/2024;30/10/2024;30/10/2024
2024102903;29/10/2024;30/10/2024;30/10/2024
2024102904;29/10/2024;30/10/2024;30/10/2024
2024103001;30/10/2024;31/10/2024;31/10/2024
2024103002;30/10/2024;31/10/2024;31/10/2024
2024103003;30/10/2024;31/10/2024;31/10/2024
2024103004;30/10/2024;31/10/2024;31/10/2024
2024103005;30/10/2024;31/10/2024;01/11/2024
2024103006;30/10/2024;31/10/2024;31/10/2024
2024103101;31/10/2024;01/11/2024;01/11/2024
2024103102;31/10/2024;01/11/2024;01/11/2024
2024103103;31/10/2024;01/11/2024;01/11/2024
2024103104;31/10/2024;01/11/2024;12/11/2024
2024103105;31/10/2024;01/11/2024;01/11/2024
2024110101;01/11/2024;02/11/2024;02/11/2024
2024110102;01/11/2024;02/11/2024;02/11/2024
2024110103;01/11/2024;02/11/2024;02/11/2024
2024110104;01/11/2024;02/11/2024;03/11/2024
2024110105;01/11/2024;02/11/2024;05/11/2024
2024110106;01/11/2024;02/11/2024;02/11/2024
2024110401;04/11/2024;05/11/2024;06/11/2024
2024110402;04/11/2024;05/11/2024;09/11/2024
2024110403;04/11/2024;05/11/2024;05/11/2024
2024110404;04/11/2024;05/11/2024;05/11/2024
2024110501;05/11/2024;06/11/2024;06/11/2024
2024110502;05/11/2024;06/11/2024;06/11/2024
2024110503;05/11/2024;06/11/2024;06/11/2024
2024110504;05/11/2024;06/11/2024;06/11/2024
2024110701;07/11/2024;08/11/2024;17/11/2024
2024110702;07/11/2024;08/11/2024;08/11/2024
2024110703;07/11/2024;08/11/2024;08/11/2024
2024110704;07/11/2024;08/11/2024;09/11/2024
2024110705;07/11/2024;08/11/2024;09/11/2024
2024110706;07/11/2024;08/11/2024;09/11/2024
2024110801;08/11/2024;09/11/2024;09/11/2024
2024110802;08/11/2024;09/11/2024;09/11/2024
2024110803;08/11/2024;09/11/2024;09/11/2024
2024111101;11/11/2024;12/11/2024;12/11/2024
2024111102;11/11/2024;12/11/2024;12/11/2024
2024111103;11/11/2024;12/11/2024;12/11/2024
2024111201;12/11/2024;13/11/2024;14/11/2024
2024111202;12/11/2024;13/11/2024;14/11/2024
2024111301;13/11/2024;14/11/2024;15/11/2024
2024111302;13/11/2024;14/11/2024;27/11/2024
2024111303;13/11/2024;14/11/2024;23/11/2024
2024111304;13/11/2024;14/11/2024;18/11/2024
2024111305;13/11/2024;14/11/2024;15/11/2024
2024111306;13/11/2024;14/11/2024;15/11/2024
2024111501;15/11/2024;16/11/2024;16/11/2024
2024111801;18/11/2024;19/11/2024;19/11/2024
2024111802;18/11/2024;19/11/2024;19/11/2024
2024111803;18/11/2024;19/11/2024;20/11/2024
2024111804;18/11/2024;19/11/2024;19/11/2024
2024111805;18/11/2024;19/11/2024;20/11/2024
2024111806;18/11/2024;19/11/2024;26/11/2024
2024112001;20/11/2024;21/11/2024;22/11/2024
2024112002;20/11/2024;21/11/2024;21/11/2024
2024112003;20/11/2024;21/11/2024;21/11/2024
2024112004;20/11/2024;21/11/2024;02/12/2024
2024112005;20/11/2024;21/11/2024;21/11/2024
2024112006;20/11/2024;21/11/2024;01/12/2024
2024112201;22/11/2024;23/11/2024;02/12/2024
2024112202;22/11/2024;23/11/2024;23/11/2024
2024112501;25/11/2024;26/11/2024;27/11/2024
2024112502;25/11/2024;26/11/2024;27/11/2024
2024112503;25/11/2024;26/11/2024;27/11/2024
2024112504;25/11/2024;26/11/2024;26/11/2024
2024112505;25/11/2024;26/11/2024;27/11/2024
2024112601;26/11/2024;27/11/2024;28/11/2024
2024112602;26/11/2024;27/11/2024;27/11/2024
2024112603;26/11/2024;27/11/2024;27/11/2024
2024112604;26/11/2024;27/11/2024;28/11/2024
2024112701;27/11/2024;28/11/2024;28/11/2024
2024112702;27/11/2024;28/11/2024;05/12/2024
2024112703;27/11/2024;28/11/2024;29/11/2024
2024112704;27/11/2024;28/11/2024;01/12/2024
2024112801;28/11/2024;29/11/2024;30/11/2024
2024112802;28/11/2024;29/11/2024;02/12/2024
2024112803;28/11/2024;29/11/2024;29/11/2024
2024112901;29/11/2024;30/11/2024;01/12/2024
2024112902;29/11/2024;30/11/2024;30/11/2024
2024112903;29/11/2024;30/11/2024;01/12/2024
2024112904;29/11/2024;30/11/2024;01/12/2024
2024112905;29/11/2024;30/11/2024;01/12/2024
2024120301;03/12/2024;04/12/2024;05/12/2024
2024120302;03/12/2024;04/12/2024;05/12/2024
2024120303;03/12/2024;04/12/2024;05/12/2024
2024120401;04/12/2024;05/12/2024;05/12/2024
2024120501;05/12/2024;06/12/2024;06/12/2024
2024120502;05/12/2024;06/12/2024;18/12/2024
2024120601;06/12/2024;07/12/2024;07/12/2024
2024120901;09/12/2024;10/12/2024;21/12/2024
2024121001;10/12/2024;11/12/2024;11/12/2024
2024121002;10/12/2024;11/12/2024;11/12/2024
2024121003;10/12/2024;11/12/2024;11/12/2024
2024121301;13/12/2024;14/12/2024;15/12/2024
2024121302;13/12/2024;14/12/2024;14/12/2024
2024121303;13/12/2024;14/12/2024;14/12/2024
2024121304;13/12/2024;14/12/2024;14/12/2024
2024121601;16/12/2024;17/12/2024;17/12/2024
2024121602;16/12/2024;17/12/2024;17/12/2024
2024121603;16/12/2024;17/12/2024;17/12/2024
2024121701;17/12/2024;18/12/2024;18/12/2024
2024121702;17/12/2024;18/12/2024;18/12/2024
2024121703;17/12/2024;18/12/2024;18/12/2024
2024121801;18/12/2024;19/12/2024;26/12/2024
2024121802;18/12/2024;19/12/2024;19/12/2024
2024121803;18/12/2024;19/12/2024;19/12/2024
2024121804;18/12/2024;19/12/2024;19/12/2024
2024121901;19/12/2024;20/12/2024;20/12/2024
2024121902;19/12/2024;20/12/2024;20/12/2024
2024122001;20/12/2024;21/12/2024;21/12/2024
2024122301;23/12/2024;24/12/2024;24/12/2024
2024122302;23/12/2024;24/12/2024;04/01/2025
2024122303;23/12/2024;24/12/2024;29/12/2024
2024122304;23/12/2024;24/12/2024;25/12/2024
2024122401;24/12/2024;25/12/2024;26/12/2024
2024122402;24/12/2024;25/12/2024;25/12/2024
2024122501;25/12/2024;26/12/2024;26/12/2024
2024122502;25/12/2024;26/12/2024;26/12/2024
2024122503;25/12/2024;26/12/2024;26/12/2024
2024122504;25/12/2024;26/12/2024;26/12/2024
2024122505;25/12/2024;26/12/2024;26/12/2024
2024122601;26/12/2024;27/12/2024;28/12/2024
2024122602;26/12/2024;27/12/2024;27/12/2024
2024123001;30/12/2024;31/12/2024;31/12/2024
2024123002;30/12/2024;31/12/2024;31/12/2024
2024123003;30/12/2024;31/12/2024;01/01/2025
2024123101;31/12/2024;01/01/2025;12/01/2025
2024123102;31/12/2024;01/01/2025;01/01/2025
2024123103;31/12/2024;01/01/2025;13/01/2025
2024123104;31/12/2024;01/01/2025;09/01/2025
2024123105;31/12/2024;01/01/2025;01/01/2025
2025010101;01/01/2025;02/01/2025;05/01/2025
2025010201;02/01/2025;03/01/2025;03/01/2025
2025010301;03/01/2025;04/01/2025;04/01/2025
2025010601;06/01/2025;07/01/2025;08/01/2025
2025010602;06/01/2025;07/01/2025;07/01/2025
2025010603;06/01/2025;07/01/2025;08/01/2025
2025010701;07/01/2025;08/01/2025;08/01/2025
2025010702;07/01/2025;08/01/2025;15/01/2025
2025010703;07/01/2025;08/01/2025;08/01/2025
2025010704;07/01/2025;08/01/2025;08/01/2025
2025010705;07/01/2025;08/01/2025;08/01/2025
2025010801;08/01/2025;09/01/2025;10/01/2025
2025010802;08/01/2025;09/01/2025;09/01/2025
2025010803;08/01/2025;09/01/2025;09/01/2025
2025010804;08/01/2025;09/01/2025;10/01/2025
2025010901;09/01/2025;10/01/2025;10/01/2025
2025010902;09/01/2025;10/01/2025;23/01/2025
2025011301;13/01/2025;14/01/2025;14/01/2025
2025011302;13/01/2025;14/01/2025;15/01/2025
2025011401;14/01/2025;15/01/2025;15/01/2025
2025011402;14/01/2025;15/01/2025;16/01/2025
2025011403;14/01/2025;15/01/2025;16/01/2025
2025011404;14/01/2025;15/01/2025;16/01/2025
2025011501;15/01/2025;16/01/2025;16/01/2025
2025011502;15/01/2025;16/01/2025;19/01/2025
2025011503;15/01/2025;16/01/2025;16/01/2025
2025011504;15/01/2025;16/01/2025;16/01/2025
2025011601;16/01/2025;17/01/2025;27/01/2025
2025012001;20/01/2025;21/01/2025;21/01/2025
2025012002;20/01/2025;21/01/2025;22/01/2025
2025012003;20/01/2025;21/01/2025;21/01/2025
2025012004;20/01/2025;21/01/2025;21/01/2025
2025012005;20/01/2025;21/01/2025;21/01/2025
2025012006;20/01/2025;21/01/2025;21/01/2025
2025012201;22/01/2025;23/01/2025;23/01/2025
2025012202;22/01/2025;23/01/2025;23/01/2025
2025012203;22/01/2025;23/01/2025;23/01/2025
2025012301;23/01/2025;24/01/2025;03/02/2025
2025012302;23/01/2025;24/01/2025;24/01/2025
2025012303;23/01/2025;24/01/2025;25/01/2025
2025012304;23/01/2025;24/01/2025;24/01/2025
2025012401;24/01/2025;25/01/2025;26/01/2025
2025012701;27/01/2025;28/01/2025;29/01/2025
2025012801;28/01/2025;29/01/2025;11/02/2025
2025012802;28/01/2025;29/01/2025;30/01/2025
2025012803;28/01/2025;29/01/2025;29/01/2025
2025012804;28/01/2025;29/01/2025;29/01/2025
2025012901;29/01/2025;30/01/2025;31/01/2025
2025012902;29/01/2025;30/01/2025;31/01/2025
2025013001;30/01/2025;31/01/2025;31/01/2025
2025013002;30/01/2025;31/01/2025;01/02/2025
2025013101;31/01/2025;01/02/2025;01/02/2025
2025013102;31/01/2025;01/02/2025;01/02/2025
2025013103;31/01/2025;01/02/2025;01/02/2025
2025020301;03/02/2025;04/02/2025;04/02/2025
2025020302;03/02/2025;04/02/2025;05/02/2025
2025020303;03/02/2025;04/02/2025;05/02/2025
2025020304;03/02/2025;04/02/2025;04/02/2025
2025020305;03/02/2025;04/02/2025;16/02/2025
2025020306;03/02/2025;04/02/2025;07/02/2025
2025020501;05/02/2025;06/02/2025;07/02/2025
2025020502;05/02/2025;06/02/2025;07/02/2025
2025020503;05/02/2025;06/02/2025;06/02/2025
2025020504;05/02/2025;06/02/2025;12/02/2025
2025020601;06/02/2025;07/02/2025;08/02/2025
2025020602;06/02/2025;07/02/2025;07/02/2025
2025020603;06/02/2025;07/02/2025;07/02/2025
2025020604;06/02/2025;07/02/2025;08/02/2025
2025020605;06/02/2025;07/02/2025;08/02/2025
2025020606;06/02/2025;07/02/2025;07/02/2025
2025020701;07/02/2025;08/02/2025;08/02/2025
2025020702;07/02/2025;08/02/2025;09/02/2025
2025020703;07/02/2025;08/02/2025;08/02/2025
2025021001;10/02/2025;11/02/2025;12/02/2025
2025021002;10/02/2025;11/02/2025;11/02/2025
2025021003;10/02/2025;11/02/2025;11/02/2025
2025021201;12/02/2025;13/02/2025;13/02/2025
2025021202;12/02/2025;13/02/2025;13/02/2025
2025021301;13/02/2025;14/02/2025;15/02/2025
2025021302;13/02/2025;14/02/2025;23/02/2025
2025021303;13/02/2025;14/02/2025;15/02/2025
2025021304;13/02/2025;14/02/2025;14/02/2025
2025021401;14/02/2025;15/02/2025;15/02/2025
2025021701;17/02/2025;18/02/2025;18/02/2025
2025021702;17/02/2025;18/02/2025;18/02/2025
2025021703;17/02/2025;18/02/2025;18/02/2025
2025021801;18/02/2025;19/02/2025;19/02/2025
2025021802;18/02/2025;19/02/2025;19/02/2025
2025021803;18/02/2025;19/02/2025;19/02/2025
2025022001;20/02/2025;21/02/2025;21/02/2025
2025022002;20/02/2025;21/02/2025;21/02/2025
2025022003;20/02/2025;21/02/2025;22/02/2025
2025022004;20/02/2025;21/02/2025;24/02/2025
2025022005;20/02/2025;21/02/2025;22/02/2025
2025022006;20/02/2025;21/02/2025;21/02/2025
2025022101;21/02/2025;22/02/2025;04/03/2025
2025022102;21/02/2025;22/02/2025;22/02/2025
2025022103;21/02/2025;22/02/2025;28/02/2025
2025022104;21/02/2025;22/02/2025;23/02/2025
2025022105;21/02/2025;22/02/2025;23/02/2025
2025022501;25/02/2025;26/02/2025;27/02/2025
2025022502;25/02/2025;26/02/2025;26/02/2025
2025022503;25/02/2025;26/02/2025;27/02/2025
2025022504;25/02/2025;26/02/2025;26/02/2025
2025022601;26/02/2025;27/02/2025;27/02/2025
2025022602;26/02/2025;27/02/2025;27/02/2025
2025022603;26/02/2025;27/02/2025;27/02/2025
2025022604;26/02/2025;27/02/2025;27/02/2025
2025022801;28/02/2025;01/03/2025;02/03/2025
2025022802;28/02/2025;01/03/2025;01/03/2025
2025022803;28/02/2025;01/03/2025;01/03/2025
2025022804;28/02/2025;01/03/2025;01/03/2025
2025022805;28/02/2025;01/03/2025;12/03/2025
2025022806;28/02/2025;01/03/2025;01/03/2025
2025030301;03/03/2025;04/03/2025;13/03/2025
2025030302;03/03/2025;04/03/2025;13/03/2025
2025030303;03/03/2025;04/03/2025;05/03/2025
2025030501;05/03/2025;06/03/2025;06/03/2025
2025030502;05/03/2025;06/03/2025;07/03/2025
2025030601;06/03/2025;07/03/2025;07/03/2025
2025030602;06/03/2025;07/03/2025;07/03/2025
2025030603;06/03/2025;07/03/2025;08/03/2025
2025030701;07/03/2025;08/03/2025;09/03/2025
2025030702;07/03/2025;08/03/2025;08/03/2025
2025030703;07/03/2025;08/03/2025;09/03/2025
2025031001;10/03/2025;11/03/2025;12/03/2025
2025031101;11/03/2025;12/03/2025;13/03/2025
2025031201;12/03/2025;13/03/2025;13/03/2025
2025031202;12/03/2025;13/03/2025;18/03/2025
2025031203;12/03/2025;13/03/2025;13/03/2025
2025031204;12/03/2025;13/03/2025;13/03/2025
2025031301;13/03/2025;14/03/2025;14/03/2025
2025031401;14/03/2025;15/03/2025;16/03/2025
2025031402;14/03/2025;15/03/2025;15/03/2025
2025031701;17/03/2025;18/03/2025;26/03/2025
2025031702;17/03/2025;18/03/2025;18/03/2025
2025031703;17/03/2025;18/03/2025;18/03/2025
2025031704;17/03/2025;18/03/2025;18/03/2025
2025031801;18/03/2025;19/03/2025;26/03/2025
2025031802;18/03/2025;19/03/2025;19/03/2025
2025031803;18/03/2025;19/03/2025;19/03/2025
2025031804;18/03/2025;19/03/2025;20/03/2025
2025031805;18/03/2025;19/03/2025;19/03/2025
2025031901;19/03/2025;20/03/2025;20/03/2025
2025031902;19/03/2025;20/03/2025;21/03/2025
2025031903;19/03/2025;20/03/2025;20/03/2025
2025031904;19/03/2025;20/03/2025;20/03/2025
2025032001;20/03/2025;21/03/2025;21/03/2025
2025032002;20/03/2025;21/03/2025;22/03/2025
2025032101;21/03/2025;22/03/2025;22/03/2025
2025032102;21/03/2025;22/03/2025;22/03/2025
2025032401;24/03/2025;25/03/2025;25/03/2025
2025032402;24/03/2025;25/03/2025;25/03/2025
2025032801;28/03/2025;29/03/2025;30/03/2025
2025032802;28/03/2025;29/03/2025;29/03/2025
2025032803;28/03/2025;29/03/2025;30/03/2025
2025032804;28/03/2025;29/03/2025;30/03/2025
2025033101;31/03/2025;01/04/2025;02/04/2025
2025033102;31/03/2025;01/04/2025;12/04/2025
2025033103;31/03/2025;01/04/2025;01/04/2025
2025040101;01/04/2025;02/04/2025;02/04/2025
2025040102;01/04/2025;02/04/2025;03/04/2025
2025040103;01/04/2025;02/04/2025;02/04/2025
2025040201;02/04/2025;03/04/2025;03/04/2025
2025040202;02/04/2025;03/04/2025;03/04/2025
2025040203;02/04/2025;03/04/2025;04/04/2025
2025040301;03/04/2025;04/04/2025;04/04/2025
2025040401;04/04/2025;05/04/2025;16/04/2025
2025040402;04/04/2025;05/04/2025;05/04/2025
2025040403;04/04/2025;05/04/2025;05/04/2025
2025040404;04/04/2025;05/04/2025;05/04/2025
2025040405;04/04/2025;05/04/2025;06/04/2025
2025040701;07/04/2025;08/04/2025;08/04/2025
2025040702;07/04/2025;08/04/2025;08/04/2025
2025040703;07/04/2025;08/04/2025;08/04/2025
2025040704;07/04/2025;08/04/2025;09/04/2025
2025040705;07/04/2025;08/04/2025;08/04/2025
2025040901;09/04/2025;10/04/2025;22/04/2025
2025040902;09/04/2025;10/04/2025;10/04/2025
2025040903;09/04/2025;10/04/2025;10/04/2025
2025040904;09/04/2025;10/04/2025;10/04/2025
2025040905;09/04/2025;10/04/2025;10/04/2025
2025040906;09/04/2025;10/04/2025;10/04/2025
2025041001;10/04/2025;11/04/2025;14/04/2025
2025041002;10/04/2025;11/04/2025;11/04/2025
2025041003;10/04/2025;11/04/2025;11/04/2025
2025041004;10/04/2025;11/04/2025;11/04/2025
2025041101;11/04/2025;12/04/2025;12/04/2025
2025041102;11/04/2025;12/04/2025;12/04/2025
2025041103;11/04/2025;12/04/2025;12/04/2025
2025041104;11/04/2025;12/04/2025;12/04/2025
2025041105;11/04/2025;12/04/2025;12/04/2025
2025041106;11/04/2025;12/04/2025;12/04/2025
2025041401;14/04/2025;15/04/2025;15/04/2025
2025041501;15/04/2025;16/04/2025;16/04/2025
2025041502;15/04/2025;16/04/2025;16/04/2025
2025041503;15/04/2025;16/04/2025;16/04/2025
2025041504;15/04/2025;16/04/2025;21/04/2025
2025041601;16/04/2025;17/04/2025;26/04/2025
2025041701;17/04/2025;18/04/2025;18/04/2025
